{
  "checkpoint": "runs/e007_B_fresh/best.pt",
  "epoch": 8,
  "threshold": 0.32861328125,
  "per_corpus": {
    "inthewild": {
      "eer": 0.11666095012740393,
      "eer_ci95": {
        "reps": 1000,
        "seed": 13,
        "n_clusters": 31779,
        "valid_reps": 1000,
        "eer_p2_5": 0.11327381122695872,
        "eer_p50": 0.11657158797421402,
        "eer_p97_5": 0.12045646207015875
      },
      "bac": 0.8036036479606432,
      "ece": 0.15653876298144395,
      "n": 31779
    },
    "replaydf": {
      "eer": 0.32763761467889907,
      "eer_ci95": {
        "reps": 1000,
        "seed": 14,
        "n_clusters": 52320,
        "valid_reps": 1000,
        "eer_p2_5": 0.32360221646288784,
        "eer_p50": 0.32784692869823584,
        "eer_p97_5": 0.331687660540894
      },
      "bac": 0.5778860856269112,
      "ece": 0.4088320862467682,
      "n": 52320
    },
    "ai4t": {
      "eer": 0.2628896175695684,
      "eer_ci95": {
        "reps": 1000,
        "seed": 15,
        "n_clusters": 276,
        "valid_reps": 1000,
        "eer_p2_5": 0.2134269470176935,
        "eer_p50": 0.2605017731888814,
        "eer_p97_5": 0.3082380520207331
      },
      "bac": 0.5974741402161926,
      "ece": 0.22811673598640914,
      "n": 3148
    }
  },
  "kwok": {
    "inthewild": {
      "per_bona": {
        "ai4t_real": 0.11323036674500256,
        "inthewild_real": 0.11666095012740393,
        "replaydf_real": 0.12712822400145762
      },
      "std": 0.005911224361038884,
      "mean": 0.11900651362462138
    },
    "replaydf": {
      "per_bona": {
        "ai4t_real": 0.3151672747889579,
        "inthewild_real": 0.3430413409302623,
        "replaydf_real": 0.32763761467889907
      },
      "std": 0.011400524952082035,
      "mean": 0.3286154101327064
    },
    "ai4t": {
      "per_bona": {
        "ai4t_real": 0.2628896175695684,
        "inthewild_real": 0.27821385231884643,
        "replaydf_real": 0.2723132817881423
      },
      "std": 0.006310963569176209,
      "mean": 0.271138917225519
    }
  },
  "bona_probe_acc": 0.9577266872960496,
  "reported_full_corpora": true,
  "max_items": 0,
  "bootstrap_reps": 1000
}