{
  "checkpoint": "runs/e007_A_fresh/best.pt",
  "epoch": 20,
  "threshold": 0.0161590576171875,
  "per_corpus": {
    "inthewild": {
      "eer": 0.18049920365540162,
      "eer_ci95": {
        "reps": 1000,
        "seed": 13,
        "n_clusters": 31779,
        "valid_reps": 1000,
        "eer_p2_5": 0.176000184447714,
        "eer_p50": 0.1803216509286408,
        "eer_p97_5": 0.18448947830750673
      },
      "bac": 0.7441460888493407,
      "ece": 0.2545161128678081,
      "n": 31779
    },
    "replaydf": {
      "eer": 0.3327217125382263,
      "eer_ci95": {
        "reps": 1000,
        "seed": 14,
        "n_clusters": 52320,
        "valid_reps": 1000,
        "eer_p2_5": 0.32832737470232376,
        "eer_p50": 0.33248495836872966,
        "eer_p97_5": 0.33666343006539134
      },
      "bac": 0.5904816513761468,
      "ece": 0.4517671258054924,
      "n": 52320
    },
    "ai4t": {
      "eer": 0.2564847780103112,
      "eer_ci95": {
        "reps": 1000,
        "seed": 15,
        "n_clusters": 276,
        "valid_reps": 1000,
        "eer_p2_5": 0.21139319566150927,
        "eer_p50": 0.2552499103094369,
        "eer_p97_5": 0.30361589190264765
      },
      "bac": 0.6011774262601352,
      "ece": 0.2517567196863277,
      "n": 3148
    }
  },
  "kwok": {
    "inthewild": {
      "per_bona": {
        "ai4t_real": 0.18008267488965696,
        "inthewild_real": 0.18049920365540162,
        "replaydf_real": 0.19428124721778794
      },
      "std": 0.0065972862865926775,
      "mean": 0.18495437525428216
    },
    "replaydf": {
      "per_bona": {
        "ai4t_real": 0.3094988753339013,
        "inthewild_real": 0.31476160273417136,
        "replaydf_real": 0.3327217125382263
      },
      "std": 0.009941842058703456,
      "mean": 0.31899406353543297
    },
    "ai4t": {
      "per_bona": {
        "ai4t_real": 0.2564847780103112,
        "inthewild_real": 0.25676290582626826,
        "replaydf_real": 0.276209743838037
      },
      "std": 0.009233580866976381,
      "mean": 0.26315247589153884
    }
  },
  "bona_probe_acc": 0.9603326159322879,
  "reported_full_corpora": true,
  "max_items": 0,
  "bootstrap_reps": 1000
}