{
  "checkpoint": "runs/e007_C_xlsr_fresh/best.pt",
  "epoch": 11,
  "threshold": 0.416748046875,
  "per_corpus": {
    "inthewild": {
      "eer": 0.20085049818467482,
      "eer_ci95": {
        "reps": 1000,
        "seed": 13,
        "n_clusters": 31779,
        "valid_reps": 1000,
        "eer_p2_5": 0.19632981415356163,
        "eer_p50": 0.20082084847284926,
        "eer_p97_5": 0.20528558309173778
      },
      "bac": 0.7393176763437546,
      "ece": 0.1451744331640273,
      "n": 31779
    },
    "replaydf": {
      "eer": 0.45298165137614677,
      "eer_ci95": {
        "reps": 1000,
        "seed": 14,
        "n_clusters": 52320,
        "valid_reps": 1000,
        "eer_p2_5": 0.4484888983781906,
        "eer_p50": 0.4530003928792489,
        "eer_p97_5": 0.4572821137815937
      },
      "bac": 0.5491590214067278,
      "ece": 0.3287188620195476,
      "n": 52320
    },
    "ai4t": {
      "eer": 0.3435276216028599,
      "eer_ci95": {
        "reps": 1000,
        "seed": 15,
        "n_clusters": 276,
        "valid_reps": 1000,
        "eer_p2_5": 0.2883971460570516,
        "eer_p50": 0.3397730677407958,
        "eer_p97_5": 0.3943057052622195
      },
      "bac": 0.5704517706305887,
      "ece": 0.18669490105315112,
      "n": 3148
    }
  },
  "kwok": {
    "inthewild": {
      "per_bona": {
        "ai4t_real": 0.20599922226039286,
        "inthewild_real": 0.20085049818467482,
        "replaydf_real": 0.28365705341226016
      },
      "std": 0.03788018198870831,
      "mean": 0.2301689246191093
    },
    "replaydf": {
      "per_bona": {
        "ai4t_real": 0.3363038460905248,
        "inthewild_real": 0.3100121702596287,
        "replaydf_real": 0.45298165137614677
      },
      "std": 0.062133579215351155,
      "mean": 0.36643255590876683
    },
    "ai4t": {
      "per_bona": {
        "ai4t_real": 0.3435276216028599,
        "inthewild_real": 0.31218665848468197,
        "replaydf_real": 0.46238403163923025
      },
      "std": 0.06469445543685025,
      "mean": 0.3726994372422574
    }
  },
  "bona_probe_acc": 0.9449867705291272,
  "reported_full_corpora": true,
  "max_items": 0,
  "bootstrap_reps": 1000
}