{
  "e002-A": {
    "DRS_A": 0.013695636765927962,
    "DRS_B": 0.0111807556822896
  },
  "e002-B": {
    "DRS_A": 0.004147160610850875,
    "DRS_B": 0.003478321246802807
  },
  "e004": {
    "DRS_A": 0.008464743380552758,
    "DRS_B": 0.013802186585962772
  },
  "e005-A": {
    "DRS_A": 0.0023989388046381337,
    "DRS_B": 0.9001645445823669
  },
  "e005-C": {
    "DRS_A": 0.0011659686690727107,
    "DRS_B": 0.006672122981399298
  },
  "e006": {
    "DRS_A": 0.002617953358734747,
    "DRS_B": 0.0018936076667159796
  }
}